,filename,a_minor,a_major,borderirr,colorind,diameter,mean,std,energy,homogenity,contrast,dissimilarity,kurtosisx,kurtosisy,skewnessx,skewnessy,target
0,IMD002.jpg,0.9573488117252243,0.903094536903865,0.5167776785458787,5,333.9811724574735,99.53034173046768,48.00918796707839,0.01741941176006241,0.10109766670100422,181.57184869772652,10.297692027304931,-0.030927533208759326,-0.02227663089296751,1.6569827304203684,1.6605884408706357,benign
1,IMD003.jpg,0.9635832877212188,0.9623061485130452,0.6106198250879857,2,228.778702210675,123.86494825625259,37.841750313403146,0.015058628623576037,0.07724211897074545,291.4008857989852,13.224008328627356,-0.04345345219513555,-0.07177167199997073,1.6685646013273896,1.6762683641061664,benign
2,IMD004.jpg,0.974433611559234,0.916602370765238,0.573979011843339,3,301.26878521752974,120.5985428051002,48.9067572333284,0.01372086301129925,0.08463141919292254,281.73521984770963,12.719665929746444,0.1139678886994875,0.04841322312288446,1.618696880457389,1.647327748210976,benign
3,IMD006.jpg,0.7880625985684824,0.8567538787119037,0.2321955152569879,2,217.32213659136008,133.3960991916871,38.9379549382055,0.021016229083694025,0.11178021593666795,140.3918962934013,9.066673180900281,-0.0401324718589012,-0.007330477641243907,1.73565854777985,1.752108592941772,benign
4,IMD008.jpg,0.9386910043520512,0.9147335953014746,0.2545544943758707,3,173.59078404468104,156.31576966935432,45.01866563534928,0.01889929949477184,0.10880626551656386,223.1356786121086,10.777315342153772,-0.01001792494222505,0.013811989600964537,1.7460399948550371,1.6977307522455871,benign
5,IMD009.jpg,0.9335884736605132,0.827078422544164,0.3766560736088263,4,219.2571674782048,127.12182947165175,43.908400538309316,0.018007121990978616,0.09916765657778137,179.19732932559424,10.218369955776438,-0.07963405769565865,-0.011313966055862747,1.7226201024393304,1.734181580019362,benign
6,IMD010.jpg,0.976019439007222,0.98952839194284,0.6228220282376254,5,256.9498004912039,130.98910537857643,55.31792066685987,0.03305053116329643,0.13610177947858712,100.99264052230404,7.525583293256956,0.011469141169593118,0.0013640707290414043,1.7792095385792857,1.775261724625841,benign
7,IMD013.jpg,0.9265261747342072,0.9435609268927854,0.3891636388421698,3,317.3595243681613,139.30976551410888,40.09509338297682,0.023190613655028617,0.12943793526538594,103.12503971756449,7.754872021182707,-0.03564408646954796,0.024166509096456956,1.754145970819959,1.730504755845833,benign
8,IMD014.jpg,0.7144856065389144,0.7215586232786717,0.1083588012599681,3,273.1586664195642,138.99037671232878,41.280357905599395,0.02380783967158203,0.1376975467264412,95.94242514970107,7.3685429141716705,-0.013120767323587117,-0.06338431965516993,1.8414799812410367,1.8203371416917078,benign
9,IMD015.jpg,0.9548869421158312,0.8869473584875985,0.6611547620910336,2,348.4691740178887,111.49598149711447,32.755310878350606,0.02892507022070186,0.13373548839053587,111.30144821152766,7.820449297303856,0.054730565777033814,0.033245181831315224,1.6520140436637814,1.6585258386282258,benign
10,IMD016.jpg,0.911668951336532,0.9782696741229984,0.617717147361247,4,285.89663484171774,119.39802436577114,57.49663612862108,0.014581721400475076,0.0790298023930643,261.63083724785747,12.61177120751585,0.005345469665048045,0.05605571580524046,1.652293128416093,1.6771512317901114,benign
11,IMD017.jpg,0.9748309965957308,0.9651990126006356,0.6224797467788533,4,444.1752475719187,101.65378650224706,55.44356502098497,0.020403447127592685,0.11843913045346906,117.8687689825363,8.409363135915088,-0.05536427763120041,-0.04144002841050676,1.5974800210707911,1.611429506122475,benign
12,IMD018.jpg,0.8259928508182206,0.8221395074279343,0.6694175047258746,2,197.04033454500964,133.02616075474805,46.678283680349345,0.01782145689291102,0.08762128016319055,303.23365116684016,12.847940613026879,0.10388578038503027,0.025161250234021503,1.6970344474431394,1.6790783264271807,benign
13,IMD019.jpg,0.9216484106703992,0.9498055044677008,0.7240787768014381,2,197.7740009051659,123.40157412007792,45.97469782914074,0.01915568571261959,0.08579498673381844,313.5394615365468,13.19732015869452,0.05291909542458502,-0.04597095905578604,1.68093948100236,1.6338648335550738,benign
14,IMD020.jpg,0.9255238340091854,0.9250096411167334,0.7258045649377531,2,233.40135077001227,115.65341283454492,37.229413881166316,0.01921138326344342,0.08332794691711455,302.7796123964764,13.03771877401156,0.0034391298578441087,-0.02521696885515229,1.6793956664223773,1.6852516170200114,benign
15,IMD021.jpg,0.9648594175148644,0.9588733245994157,0.7057693059579798,5,251.3399689902804,90.52604705334267,40.594832528332674,0.022261014834968652,0.10614946353833735,171.6281336238198,9.850239651416198,-0.015138402867546214,-0.0205488431679431,1.65040065194652,1.6507660092402532,benign
16,IMD022.jpg,0.9717141368413216,0.974705130027,0.4389190044123459,5,306.72098086235326,105.91792586893116,60.6067213083003,0.017061954795259928,0.09165141731492125,194.59777141037983,10.849702096693647,-0.010720964414879637,-0.023104770995665564,1.6806285544478827,1.724451302187705,benign
17,IMD023.jpg,0.8045349976083639,0.9203243514110652,0.1935285258662139,4,236.42976913347408,134.91328422405695,46.51054283112757,0.02055464320156694,0.08898606643285181,215.26692350727558,11.431708371478102,-0.02286561374035061,-0.059490473697445985,1.7656206014530438,1.7825366910219451,benign
18,IMD024.jpg,0.9759293868636147,0.952624349823242,0.5615548727371966,4,168.1455343166052,121.92041383344302,50.56826603613304,0.012727519989490359,0.07425772197898584,312.95814061053636,13.711493987049174,0.019380633561984245,0.06818641366431197,1.6680720448973394,1.67530279656204,benign
19,IMD025.jpg,0.8569856883128991,0.8492098270476901,0.3950342251006926,4,261.3056709780424,96.31401721550976,36.35082024314857,0.021636896381732326,0.12111130250945802,101.15016652275786,7.880745035154794,0.043671652565625614,0.013822985151137182,1.6754634808247715,1.696991471075242,benign
20,IMD027.jpg,0.8642973500331171,0.9152857918573636,0.488673853741977,4,326.633124149658,131.02450014535353,51.16625894215099,0.015580039819114797,0.08307266059753557,247.70644264233573,12.236407839741503,0.03572827017314678,-0.031461012525228024,1.6924655205911414,1.7332708382082846,benign
21,IMD030.jpg,0.9123984513836,0.935472994414826,0.2737147584933661,4,400.6111557792391,120.50908278448058,41.0310871071768,0.018792593322693694,0.1138493966978733,124.29152434979923,8.615987010801424,0.03358046274537103,-0.015495058534129323,1.7013624156558724,1.7302188069345517,benign
22,IMD031.jpg,0.9478794544383822,0.9800369754037644,0.6856540261936318,4,557.0074350339618,100.66758402220894,37.8860211637455,0.023494418454200396,0.1208856969345636,120.87864539935775,8.364504925884239,-0.13682478852122354,0.029479456324757677,1.7161216497106844,1.730017421200914,benign
23,IMD032.jpg,0.9095957400565094,0.945475621241759,0.309370932546711,3,419.219816277564,139.45521764887536,39.325534359279985,0.02114456685846706,0.11183303522950641,150.1998898678401,9.302660561094298,0.012813536466599098,0.017869932274668834,1.7603232437363752,1.7285475164178437,benign
24,IMD033.jpg,0.814580283401928,0.7839958014529183,0.4656784081916139,4,303.6283624368682,117.40389873711042,47.53428119648582,0.013857480502621674,0.09597052100173507,182.7907092006863,10.423691087681714,-0.01727974228492813,-0.07724154339293882,1.6527619504137152,1.701581989834588,benign
25,IMD035.jpg,0.9003603331393984,0.8321252583566109,0.1991481284830974,1,445.0315132699334,184.2820584092403,46.11037762846413,0.022746451149281616,0.14271481702504302,89.75155870716205,7.102524895353534,-0.016803625222062166,-0.06614826434510464,1.75230966833737,1.8081480503638663,benign
26,IMD036.jpg,0.93047574608978,0.9635344425339888,0.3889448441946743,4,446.3149712190613,118.03228644800842,56.501461527412545,0.017823282659118242,0.09177559260055604,221.9213844771347,11.357913809607428,-0.015447307032103423,-0.043111516996642715,1.794713141371542,1.7396734704962695,benign
27,IMD037.jpg,0.8312877189838984,0.8515348215958235,0.1241406030395495,2,279.5819835229172,197.20935178032812,45.73889986378295,0.02266999115401969,0.11014393864223418,178.47954172327897,9.783960314764553,-0.0833624706116661,-0.006245072237417902,1.7927287835958974,1.7613636506604329,benign
28,IMD038.jpg,0.93050149805393,0.9641587097135496,0.6945857265557795,4,213.2397802032418,104.2879799879723,52.01935230218974,0.018281107275485473,0.08977102645928194,263.6661570646903,12.24955745091727,-0.08110186706034478,0.015920409063957114,1.6510170117735525,1.6296213295966546,benign
29,IMD039.jpg,0.9838295589531364,0.9841935854695942,0.7079367644914851,2,182.2847563537707,127.04970590136385,43.204336723313546,0.015578391094545932,0.07826052392692655,283.6941413905051,13.065869139196801,0.022041964989996683,-0.06454487875071893,1.656266894213932,1.6855259226550319,benign
30,IMD040.jpg,0.9738017060162264,0.9870919546220532,0.6230520756307224,5,191.4274554948959,105.4389140860358,52.630523571503424,0.016599678201888898,0.09170507562843214,205.3132291666651,11.067187499999665,0.0666567064228044,-0.05003241033022459,1.6991456972098125,1.6615319820639145,benign
31,IMD041.jpg,0.9622328564320248,0.9667418159926776,0.4348553996186309,3,321.9214545264132,117.806183301946,43.30524654217873,0.019084266386284156,0.09066708655164671,262.37554428011174,12.113893986829336,-0.028786203277409658,-0.05805876775897288,1.667176136269673,1.6688217915562882,benign
32,IMD042.jpg,0.958343858359933,0.9743380715089444,0.4391219555246085,5,333.0037911333207,93.59381174771856,49.840170868930166,0.020603862034464772,0.10808940962416808,184.76656758040633,10.09810305992663,-0.028688650809284295,-0.04159163250074463,1.609403082722551,1.6007452164997134,benign
33,IMD043.jpg,0.8911362228521015,0.9163553770202542,0.2941242039886951,4,260.4405695483642,98.57727551643067,45.913813056841505,0.015764762281399607,0.09788700353119155,208.0708506703627,10.873103433782948,0.11278835089934533,-0.08489130233397338,1.6358726869223958,1.639372182722971,benign
34,IMD044.jpg,0.9290449374831886,0.9569237043271523,0.1868021397121463,4,383.06603124158994,98.6259192179655,37.58402847214654,0.01663586503957998,0.08045092832666549,270.4001127254519,12.753767952571758,-0.06005876722738321,-0.07496035003272987,1.719809082106962,1.713524407255758,benign
35,IMD045.jpg,0.9532853603869292,0.960649825578456,0.3951797392430202,3,194.36146910465536,143.50781195653687,37.93486403884236,0.024823354075086904,0.11814047357772849,119.72060550698197,8.40597677149943,-0.001415505880936291,-0.03416585760791695,1.7632950258641178,1.7594806875330082,benign
36,IMD047.jpg,0.962716755558991,0.9079449125247996,0.4744708124642545,4,314.37461720284097,95.34270076497135,40.14189869900795,0.018492207881805146,0.10425184604085702,156.8571062549564,9.672895728643248,-0.09032768333909108,0.00048150302337721703,1.6770309732508115,1.6785012712933403,benign
37,IMD048.jpg,0.9042822095011523,0.9021138453150944,0.2061029867185719,5,226.66944070319232,111.06931968228818,40.4425886798513,0.02014709429690602,0.1101203755359017,129.66433318564447,8.890233559086052,-0.034222781760143324,-0.013102259667208373,1.716801490075504,1.7114452410434486,benign
38,IMD049.jpg,0.8882485660695354,0.901115430269751,0.5843122306304266,2,265.0622468369621,106.35495031140788,39.35025807941822,0.0197141129014898,0.11554056893889035,163.10292525694754,9.465851730219551,-0.08157548212381535,-0.10500806319230566,1.6562402676108856,1.6682257014677726,benign
39,IMD050.jpg,0.9292730481708388,0.9101266875502452,0.4564087468042861,5,262.47734215708465,114.31695016597597,40.73290737483279,0.022192512015852983,0.11827052892942043,118.62331809695513,8.416584046867987,-0.1034274086335286,0.006192646581113572,1.7631598627956453,1.7192373017149352,benign
40,IMD057.jpg,0.953974429145923,0.8884675513662151,0.6636931110900047,4,440.7277715397452,83.40946394535948,40.60379875050132,0.02688237503280062,0.11066278975676533,200.4368305368101,10.224697129176345,-0.0429742102857383,-0.06873952950700105,1.6367416763199727,1.680783174915118,benign
41,IMD058.jpg,0.9226650721883668,0.6982968569119542,0.2434059261979726,4,482.87773225366254,97.59870805008595,37.006914984395074,0.023182040291080164,0.13750472819855056,109.25040409482685,7.671515804597735,0.1907101790841903,-0.07490768209440377,1.7467877550014053,1.8762424139740823,melanoma
42,IMD061.jpg,0.9413996896947876,0.9434225954306964,0.5040121871463619,4,518.4193150351942,124.39589342873786,50.064440560113276,0.01677909545668978,0.12528749082658822,118.13787195501749,8.176696794158117,-0.25845470263391973,-0.24705931897998717,1.789885049230406,1.8249908513780433,melanoma
43,IMD063.jpg,0.8661616002122163,0.9067227103057556,0.4063463096281743,4,448.98857878388577,92.32539515939521,44.92755857471895,0.02035100082897992,0.13193648583894005,127.46399822085975,8.159681819806272,-0.06070083993628195,0.09008174450274789,1.5799443885660531,1.6247019943409975,melanoma
44,IMD064.jpg,0.8558128081543663,0.9429592779711476,0.2510866262157293,5,479.6779522218271,70.40477632130789,35.82427048893374,0.02084657036562626,0.12352079902740788,116.09066148696544,8.180484378471755,-0.06522190805121016,0.2773828579761358,1.66738821554716,1.8624722197781955,melanoma
45,IMD065.jpg,0.9556736636781732,0.9539959914818992,0.4041657759689646,3,533.4787680849,73.25008096929042,42.189296991655645,0.018828830908959877,0.10667072681575836,214.5592993035263,10.488941593690713,0.15350442891236574,-0.27041067189312795,1.631547908993988,1.7493465399594568,melanoma
46,IMD075.jpg,0.8412247447735266,0.8826856756548602,0.4886697579794482,6,272.7516759610442,87.12449446924464,51.801751113869635,0.015692048540206813,0.09103498257513642,257.01211361737495,12.070175438596518,0.1138139787928487,-0.2012889638876219,1.6155583080910572,1.7362846082375925,benign
47,IMD076.jpg,0.7426483584977627,0.8054664024634163,0.2082985281210231,3,369.95180548581845,139.3383676310785,41.060237943897306,0.017177826936163626,0.12342538375239016,101.34446358952809,7.772173489278739,0.015902461905826077,-0.14134615240268017,1.689317958101848,1.8132383594582782,benign
48,IMD078.jpg,0.9425972020711596,0.8865920374831952,0.4758978554701625,2,309.28088734565955,114.95525702333894,44.58724725479194,0.01674188193980451,0.08423568686492147,314.6829732131764,13.095583948930562,0.0970439344206155,-0.06545197613706435,1.6172187745897342,1.673873962059424,benign
49,IMD080.jpg,0.9407639202257094,0.9119682522277844,0.4309820529738312,3,549.4627263136755,87.6319725758745,48.487174956624614,0.02218431159396531,0.14046417255412627,95.27022906851084,7.282001496858824,-0.1863487116235426,-0.4626185157013065,1.7046864361102558,1.9755849004303552,melanoma
50,IMD085.jpg,0.905541688095029,0.7946389373204721,0.1590415774344965,4,318.6008101447976,100.1620922265256,25.461840932640357,0.022111412764582825,0.10094191381411972,174.8469527882071,10.10282818801287,0.04296615321393925,0.019214578185860136,1.761579418505782,1.7461709812689146,melanoma
51,IMD088.jpg,0.8156234750569685,0.873876858471856,0.3044376595871214,3,377.0956403009378,104.75566371929233,38.34344622014431,0.02058007058070753,0.12229334050383954,139.16084010547354,8.737718293420933,-0.000315956298321818,-0.11177159831941512,1.6832491797540028,1.7149511047119756,melanoma
52,IMD090.jpg,0.7885280176109117,0.8635956348833221,0.1914067855240994,4,479.7894225277202,102.34415807560137,35.65165486621506,0.021120992919437566,0.14028853417072473,95.6121853484362,7.286638009544207,-0.08105262797450075,-0.018060649875965146,1.916865999832204,1.6392005422089575,melanoma
53,IMD091.jpg,0.9576524486083412,0.9705950558879458,0.4575880321354948,4,497.06222992329,98.4742064384568,25.23611777455984,0.0325134467539364,0.18873817930013567,41.6140008090306,4.940246220071598,-0.032695022365177344,-0.03666636241188254,1.7002418320195902,1.7022001866429048,melanoma
54,IMD092.jpg,0.9827409782386248,0.9191622893785388,0.6594545417269108,5,96.6033604132712,102.9139632396986,39.54828575867477,0.021588290878372007,0.07909660541562435,203.52789201729368,11.484024043024096,-0.009179622612691774,0.02937755667172015,1.710889804578951,1.700610312324542,benign
55,IMD101.jpg,0.8558200656756642,0.9375656301403954,0.2050926862048906,3,458.00102811628415,134.40304725470523,50.86970380813896,0.018647684604102044,0.09629200062998697,182.66386631466762,10.490270996676134,-0.045433522552517154,-0.028471158494877948,1.7531798665341047,1.7347706030377534,benign
56,IMD103.jpg,0.9689198968326128,0.9610339005065592,0.5455989384441943,4,185.2278310411426,141.1640188821184,62.122389180487325,0.016749589511189482,0.0871229969167807,232.0503233830853,11.815348258706463,-0.04539347950146254,0.00847560301769915,1.7124677258283858,1.7160534103839005,benign
57,IMD105.jpg,0.8311977763818015,0.7417969657593777,0.1636817756145769,2,384.6548423912522,160.62632460406252,49.11264265958043,0.02751141083851463,0.1449063974383342,92.22506615856844,7.127776013549322,-0.025268529266902078,-0.017126372757023507,1.741814616329193,1.7898684257357609,benign
58,IMD107.jpg,0.8795545916879098,0.9669748506639272,0.4560860666445437,3,224.04649613732283,149.13559695732107,59.50448964811716,0.018167902572745386,0.10669316238899941,150.963687543982,9.429181327703319,-0.01826375952357674,0.018868110315370053,1.722142597027157,1.7228906757765599,benign
59,IMD108.jpg,0.7437923017521546,0.8049339483562453,0.1153627889534227,1,392.6362278964603,184.4669295737619,46.15402945167251,0.02634838624244904,0.14073483816866753,87.64260630505893,7.087937711957935,0.018535384341213674,-0.003955478122615979,1.7500895446304388,1.8000341627798204,benign
60,IMD112.jpg,0.8804109950488134,0.9435968275155596,0.1852708710123379,2,350.7852989245882,169.17451793856318,51.823665369209245,0.024433100261917987,0.14034708002382545,92.82550649138227,7.2322530909260525,-0.025982922839723133,0.043501759211010606,1.742570660299591,1.7806939603146186,benign
61,IMD118.jpg,0.9439974949417091,0.9571249638693516,0.3920908388190258,5,229.91262022608723,102.23164881749219,44.19264054171142,0.016949731463025773,0.09464474405411413,186.59077754532635,10.5424163179916,-0.044254671909940466,-0.022625627553161637,1.6868837733816813,1.6773285258126704,benign
62,IMD120.jpg,0.8979086754944798,0.8395383743037257,0.2638133636206404,4,308.9214899885767,121.3186118396403,46.78145613813648,0.016206876708803112,0.08973086049885022,218.9517349799842,11.400836291145865,-0.03291765599068038,0.040192817055756655,1.7128494101117626,1.7134261637557353,benign
63,IMD125.jpg,0.8943266489667576,0.9448325645700024,0.4618174049977327,5,228.10708856789068,123.63664429394875,62.72758741683925,0.016744559731772735,0.09618129192789267,174.75461897455583,10.286136683288476,-0.016471643242609777,-0.007312633597681892,1.7064630069578197,1.6902423285464885,benign
64,IMD126.jpg,0.8790349855322986,0.8985068831185099,0.1657164607792609,2,450.8803224245704,157.8155065359477,42.48758066349116,0.023932661915885924,0.17573267538562481,63.60770318021131,5.839787985865687,0.06034299392501834,0.06878241847904204,1.7245804610603015,1.7377465332911606,benign
65,IMD132.jpg,0.6826358240754832,0.9567189164510728,0.3727039840263038,4,144.62414259430162,145.9950987728225,52.32826573101353,0.020690951887074115,0.09338689802817148,238.14606041731443,11.66747119277482,0.013050425285193581,0.010350232458672537,1.801084177589227,1.7557105448370227,benign
66,IMD133.jpg,0.897626216651495,0.9070134320796452,0.2073603688314216,2,393.13692077453663,165.22869357638888,42.88735256136307,0.024103401812781942,0.15471454719646824,75.1698939929323,6.508710247349805,0.12141100112704205,-0.021971646103614316,1.7868883526666939,1.7788408933750766,benign
67,IMD134.jpg,0.9184185395046794,0.8675113006939581,0.5311151829230965,3,223.59994146441093,121.93488620673712,48.42242727451292,0.018583866031862867,0.0954044565178279,192.16880663331386,10.728300038484118,0.031404715723453706,0.054541162929134766,1.729157735631279,1.7269747220372278,benign
68,IMD135.jpg,0.9358719951772124,0.9330168378923748,0.4655876242806063,4,477.598395955778,121.14654987686028,56.42501092770907,0.015501967584437315,0.10066965741573392,186.9472832463486,10.329894404660749,-0.04898472297416387,-0.14662373119418512,1.6788906257348735,1.7243760824902137,benign
69,IMD137.jpg,0.8694032448993803,0.8278961539354269,0.1590926096591502,4,331.2249365788301,166.91114456581082,54.01738862645171,0.025178741311482736,0.14881760929664134,118.1013339745317,7.600999435465315,-0.0604102090906628,-0.012828510650543959,1.7213205553076856,1.7627918581274706,benign
70,IMD138.jpg,0.9089234070342382,0.902120844606151,0.441051241445708,4,286.1592704772943,122.58690848203257,67.86555685473195,0.013777117463103927,0.09972466604094445,173.59592621732375,10.214197045196157,-0.13219086403427552,-0.04316019950659473,1.7215996649839158,1.6856165617486742,benign
71,IMD139.jpg,0.8679970840167669,0.8615272462183342,0.4549286638217916,6,186.8992426678321,67.60877892865929,44.302280516723194,0.018563110879900396,0.09542947861504339,251.0830957012995,11.838205900381087,-0.09017271333464055,-0.12217537970689972,1.5994058290774233,1.6332344233447493,benign
72,IMD140.jpg,0.9542444310656232,0.979070946481194,0.5344132816764718,4,200.45489964652148,99.15503104674515,49.54452928237819,0.014708803696809766,0.09205876023688743,245.26768366581504,11.789700479002597,-0.05620746591150064,-0.007006554791623843,1.5887464932336994,1.5961305350297774,benign
73,IMD142.jpg,0.9780990617105738,0.9787193251533742,0.6374330575840335,4,237.5928207151432,137.2491314927813,57.62119202592037,0.016137255426396647,0.09248525021262789,205.6584526093159,10.95922482907864,-0.005102637438396951,-0.04670800301410312,1.6946599854557,1.7071640827395134,benign
74,IMD143.jpg,0.9614438632348355,0.948765025808016,0.6593303779053756,3,135.5629114800024,146.92757360842467,61.223947489690076,0.016485165680405995,0.07947974207409521,249.57875295508293,12.373276201733598,-0.05049022219272155,-0.03995588678245848,1.702439243694305,1.7396315453253568,benign
75,IMD144.jpg,0.957362307980517,0.9860247283626826,0.5562371957984874,4,130.35099433640983,106.6814019388516,51.14759478239546,0.015341275624682805,0.06528050893726917,346.69755395683393,14.869256594723172,-0.04669502549116144,-0.02799212489951015,1.652130822105611,1.6596290733929262,benign
76,IMD146.jpg,0.8925993035304777,0.966209903456867,0.5088133520296122,3,212.0662489874112,131.03521752175217,45.096787489513886,0.01743771616247165,0.11418951990454083,133.43966000373592,8.85251260975151,0.014873518605788545,0.16602956478724162,1.672625840081948,1.7213075370568078,benign
77,IMD147.jpg,0.897547724402848,0.9531651793135892,0.3213878806000637,4,424.24430719155856,129.19698964758217,44.11712589481019,0.018357931535789473,0.10192607845152107,165.31030967377228,9.909853439922811,0.010917588581480921,-0.011278094035229834,1.7691957131597298,1.7454251015339841,benign
78,IMD149.jpg,0.9682209599307756,0.9761831656222524,0.6393356265944908,3,427.1507617219455,103.75778542032577,51.84231999264002,0.014992024746070476,0.09309463435653945,221.90903510493575,11.251405052655146,0.16823862596426015,-0.04657282278874853,1.6815293697618061,1.6281149246042146,benign
79,IMD150.jpg,0.969756083251441,0.9831583038765602,0.4794485033188134,4,416.6730106942341,122.86151091138511,63.13420479722077,0.01210204968659814,0.07472967814907146,396.53526437881567,14.837196117797971,0.11727313997697959,-0.08431798154435304,1.636269753352753,1.6379974276671156,benign
80,IMD152.jpg,0.9556947899598808,0.9451614834814892,0.3410982318950254,6,341.9780139763985,90.12770660948459,43.248546745396894,0.018905135912963236,0.10970612590208836,143.85893473260595,9.24231598619898,0.008124908947694982,-0.025865455813190913,1.6789009048562267,1.682486458575265,benign
81,IMD153.jpg,0.7642802873325045,0.7650573283602707,0.1695049223133601,5,332.57145513716915,116.23737963169135,47.93530027245837,0.01867238851290198,0.12295957863936724,146.33651258076168,8.931996730512259,0.10956016132807492,0.0765446441367231,1.7568453432604414,1.7720207067593798,benign
82,IMD154.jpg,0.7471200663006319,0.8596291308401534,0.070734141175292,4,350.5792538831773,112.00621153704843,50.897440014697274,0.01823106496269342,0.12277456704251735,163.87881073462322,9.44129668780826,0.006277470657160839,0.0007126286234259058,1.860075564928807,1.7912664730818044,benign
83,IMD155.jpg,0.8929239903540617,0.9556791767870668,0.2740143137884948,5,382.4306561784685,111.33810142569601,48.59322421492128,0.022813005290560143,0.13852093409746036,103.21539848218546,7.504206262657694,0.033640021769283816,-0.024375512941026016,1.7224518990682862,1.709318550722648,benign
84,IMD156.jpg,0.9210819533561302,0.8908633342298382,0.5318514811696177,3,182.0401209371772,145.06916733173716,42.910787960527735,0.024093866439822708,0.13308050650979794,116.25503776620415,7.970850489460875,-0.020609212518078464,0.07638487407923182,1.7299241859229013,1.753989153433904,benign
85,IMD157.jpg,0.9267397898952464,0.964240350274212,0.4344992197206004,6,291.89710018109525,105.47624499313457,52.834265805588146,0.017975607855645795,0.1129381783207825,128.3938081149639,8.759826711749831,0.06731344899880812,0.04234117410026126,1.6923539909783871,1.683236904343198,benign
86,IMD159.jpg,0.906483006161076,0.8662602453329387,0.4185090616845978,5,370.9914396677929,124.86757212453826,58.324536808694326,0.02602401958055927,0.12867139254797666,103.17731435506943,7.770371289859845,-0.03448701467489543,-0.05201589085445742,1.7570728681217977,1.7991776086630338,benign
87,IMD160.jpg,0.946954186413902,0.9349857819905212,0.3472780664224927,3,448.8765509071948,130.42975269835873,47.896743605177946,0.017055035601257557,0.10720994953235836,163.5181269440206,9.65885734128306,-0.04214525498170356,-0.025585649774889266,1.7452789177412813,1.7076246084237963,benign
88,IMD161.jpg,0.9322176354402718,0.9361000572180396,0.3451656896998489,3,443.77231802299787,136.90196013737233,52.440634117727484,0.016129986525675172,0.10488738864151002,163.99029197080114,9.815678063772511,0.03470812397698843,-0.012498211835615532,1.7352453491233064,1.6886840253366502,benign
89,IMD162.jpg,0.9361108260646486,0.9542432016418676,0.4308370047240943,2,249.07548417542185,155.2115909278805,55.007334988289635,0.015361668765353111,0.09185278515329012,209.98352529940703,11.149389719786898,-0.05443839050612545,-0.03656736438059554,1.7194355151044962,1.7219441239149988,benign
90,IMD164.jpg,0.935360364947152,0.925551052549403,0.5533544143882857,5,306.23491317564697,112.8861171525569,56.684059365101234,0.019610927172793405,0.10946852873425694,145.5754792602252,9.193654932637964,0.005323773309655193,-0.06319969052426597,1.7043082454271765,1.7187753323477377,benign
91,IMD166.jpg,0.8861828778080404,0.9536846112362402,0.2822279237308249,4,374.8028222818004,137.89192321778714,58.606905751401044,0.018310383778927256,0.11902202541595129,132.33421174182635,8.665540294153509,-0.04951600239837692,-0.020039592679947718,1.7047007507843843,1.6913051937410901,benign
92,IMD168.jpg,0.970631645531492,0.9607417894113276,0.5268314413611442,5,356.1050953538688,80.92130730755733,49.01888828473011,0.020918494227279535,0.1273274283629159,236.58216177563003,10.245725116114492,-0.2693213069419703,0.04045026701174219,1.689511661226989,1.6168673816833348,melanoma
93,IMD169.jpg,0.944546499795155,0.9422733820555856,0.5789525562900633,4,310.3904261272818,87.35186368855273,41.074443845233034,0.02094941168053504,0.11336891019526213,185.0083498677228,9.822540049970598,-0.08159564375126287,-0.02142021300230702,1.611861565327941,1.5982944421523575,benign
94,IMD170.jpg,0.8479202068710749,0.8899544391084842,0.2070566581221061,4,359.5131837428611,118.50564937756563,51.4614511008465,0.015379877439908705,0.11434909021179171,143.10221322206175,9.108186057928899,0.17812409643985783,0.0913677810772672,1.7229429686022717,1.7283706198625126,benign
95,IMD171.jpg,0.949552852302394,0.944075987335444,0.6868626947623007,6,239.3853145238192,62.20695038816532,35.06915492388261,0.024047140693815704,0.10388655756871203,196.0979262672821,10.462305587557987,0.07736256035360897,-0.08356856428429861,1.667463035967978,1.6411679073475907,benign
96,IMD173.jpg,0.9505078845346268,0.978479572025878,0.5699604761858224,4,323.42287825375763,117.3061641752001,56.77255872113983,0.017648716408545508,0.10096882890865963,166.1466323024082,9.94044673539552,0.027928228779991512,-0.053923703445205085,1.6626698443417107,1.661556568711536,benign
97,IMD175.jpg,0.972991150442478,0.975624778761062,0.4645333928620367,4,299.87087695693435,140.85326569195433,57.96585341438632,0.01697126514556834,0.10444042613043956,164.115640369862,9.788904190438776,-0.04435704183146441,-0.021487256995257758,1.7113484614970083,1.7081235186198198,benign
98,IMD176.jpg,0.9309749361015311,0.971251821290332,0.4344233558075405,4,360.23317140379424,133.44321323895372,57.020990428035965,0.019082930532019836,0.1231383494094034,113.79390447608951,8.14634353500746,-0.028933985299774506,-0.037353017712073396,1.7123818846294385,1.6998969175888152,benign
99,IMD177.jpg,0.9596180116690286,0.9104268004647184,0.5198590221979328,4,223.30364285034747,123.93258044511022,56.54385723155942,0.014365154379136082,0.08801029010455434,198.20546928916409,11.064026915113795,0.00569069922072006,0.020096968577831727,1.6446400828348164,1.6644809698229168,benign
100,IMD182.jpg,0.9320940135943002,0.9637867496519532,0.3504606502298271,2,341.4768815098733,177.29807535631787,53.41356787509789,0.01529547871901047,0.09009116372696495,245.44432497716792,12.026158423424798,-0.01400079850473171,-0.047451369382278445,1.7317538276833278,1.7273394535814273,benign
101,IMD196.jpg,0.4623683756257552,0.7485265468175877,0.0704582358329308,3,227.2248595082756,161.3378535562926,45.70901856165023,0.034834792590492235,0.1346374865339112,95.86255999156144,7.4210045180458275,-0.0035411598765395036,-0.035694394718490854,1.8169356204928515,1.8130507238319655,benign
102,IMD197.jpg,0.8415723918767194,0.8998509550041693,0.4756774676169451,3,311.382564044456,151.4977782435548,60.21115919581034,0.013697628863369692,0.09974525988707199,231.16538820657462,11.259304747540003,0.09939766088684289,0.0020547036436277494,1.660551609455261,1.703326896189502,benign
103,IMD198.jpg,0.883604249328043,0.864222632608656,0.3306503014934756,1,417.23717458152856,180.21462828364892,42.12897537622855,0.027174705580451916,0.16075641939467683,67.8051298259263,6.157760381211711,-0.05026366554511599,-0.0269363198365756,1.7616373631126312,1.7846824073361844,benign
104,IMD199.jpg,0.916013536797646,0.917241744939164,0.3560101356233669,4,268.4179008526747,137.59233917609558,70.10738052705914,0.018250915100033797,0.0875202040231476,264.64213842987044,12.312864387483929,0.029117628627893063,-0.02081320325991276,1.7735612752785646,1.7537124764955356,benign
105,IMD200.jpg,0.7981200099254134,0.902949891258338,0.2445803700041781,6,208.8431402384942,119.61856294675252,68.14022463091594,0.018626016650800388,0.08196229151821827,258.77014886587085,12.518858818725166,0.018036795271086075,-0.023122886131914374,1.7808374273628769,1.7484868803473095,benign
106,IMD203.jpg,0.8803977634909939,0.9690931939461273,0.4753145819181407,4,186.9622471018863,134.3600953273949,59.71391045466767,0.015140483457157614,0.08279181016441572,230.43590555014475,11.822857838363548,-0.05917049067476795,-0.06469410794996468,1.6844900524899784,1.7057498920037535,benign
107,IMD204.jpg,0.984795966598393,0.985938238537892,0.7228496421118604,5,127.1318322878584,127.36578967974316,58.826652714331395,0.01582787206698004,0.05882768634281176,363.1755156608032,15.42761650114599,0.017555534840473057,0.003364877081206623,1.7003137476409709,1.7235419589185554,benign
108,IMD206.jpg,0.9229720518064076,0.9315466580561834,0.6991753402555765,5,188.3852590581418,94.04535788392889,51.26654049434024,0.0167220336647572,0.07512582447035132,322.6939448935763,13.889677170983697,0.05704660109822213,0.06776275038207939,1.6281206567964992,1.6455206464134946,benign
109,IMD207.jpg,0.9086813392689868,0.911884094173484,0.5142878624245945,4,267.1317032934402,134.99885484059715,54.66036263923821,0.01844725480382315,0.10461770015406305,162.88910932442306,9.744100448992384,-0.03157342831160991,0.0218013173390692,1.7049055612905006,1.7211140047590607,benign
110,IMD208.jpg,0.951489483325322,0.9832083977498604,0.5115200629725974,4,313.0576104759309,129.81901583382862,39.99219712218187,0.02138498444841486,0.12414001117062198,108.27560619614854,7.984104713027867,-0.03064757208465045,-0.01969062748739378,1.7068452855492553,1.724619696816331,benign
111,IMD210.jpg,0.8082353775927722,0.8981280007568412,0.3839058100275959,4,328.1275398102007,102.88031340193723,46.35571978008476,0.017701309148086094,0.10466925499580881,227.70932415034565,10.945925822513928,0.0060052616746501895,0.2300703165296106,1.6661544759811548,1.7396600107418179,benign
112,IMD211.jpg,0.978851309983744,0.98394451833555,0.665274985216153,4,347.3025698593964,84.23702594810379,29.36423740116744,0.02652090817040433,0.1589393307432033,84.62497585474223,6.659439186143805,0.013116963251086116,-0.12395383967667803,1.6623415690142622,1.7133548406665107,melanoma
113,IMD219.jpg,0.9046761665953152,0.9384453550241576,0.273757206326376,4,510.1315981681179,83.40979539890333,41.664044891974676,0.016110867864011055,0.09891102288858715,257.27690038575884,11.354398305726074,-0.10041404375814665,-0.09287204380579951,1.6872602517567992,1.6688639436347317,melanoma
114,IMD226.jpg,0.9196478364615428,0.8913888152421353,0.3126961304003319,5,263.8827529819605,111.89923334922383,45.26757576737398,0.01880713647642544,0.0972606291858825,197.3439332710477,10.726262705854543,-0.06924455293656329,0.05015667854601828,1.7603960200877546,1.7296233499538127,benign
115,IMD240.jpg,0.8691704669137401,0.8597605499910448,0.311334185778081,5,372.3215261212659,92.06637301652177,33.458538598949104,0.020178928378572342,0.1372027750215752,95.76953621908018,7.347433745583,0.006784689656023711,0.0707114603370828,1.7597220896891939,1.6323197548817092,melanoma
116,IMD242.jpg,0.8721343195845987,0.8928615166062506,0.2883550335993945,5,322.4401467945554,99.41103576869054,41.495845824195065,0.01757777928775239,0.10297022058359902,186.76026527552605,10.293952513539072,0.03019226867019196,-0.12325895092427262,1.6517074969339431,1.7148389264185593,melanoma
117,IMD243.jpg,0.911447210887678,0.8882058298922472,0.5107000715853794,4,360.9358490347558,110.33348239747293,47.66129249440779,0.016441254777839923,0.09888654244400563,206.04135764944058,10.833765619723188,-0.09878662602116751,-0.036269849320912505,1.6439731939995348,1.6313531623403683,benign
118,IMD251.jpg,0.8552597004467023,0.9028641499518262,0.3037685210520132,6,170.5085093609193,99.89562003208009,38.643975475302405,0.022344688593583444,0.10688692540962154,156.669581297658,9.558125199762493,-0.013769880000471165,-0.06379897032044703,1.742271349153667,1.7517914434893875,benign
119,IMD254.jpg,0.8517063523878243,0.8172786552286272,0.2569093529946749,4,308.6854402930111,120.34297543171543,42.19943855817976,0.024222542030476062,0.13116196533372376,96.14330568720413,7.510841232227471,0.04950278804732972,-0.0381616988931017,1.7266302666824265,1.7755662164801815,benign
120,IMD256.jpg,0.8383991458437376,0.9206202965437668,0.3474492862297099,5,271.9112853914419,88.04834621038984,47.69347402410177,0.01569615924053803,0.0982546338323435,219.61188173899689,11.103574306434734,0.18554055270477243,0.011239189524588928,1.6581829512576673,1.5610924870978953,benign
121,IMD278.jpg,0.934358461852954,0.9585481636268652,0.468403125030207,5,167.4170203952618,121.03898472703027,67.60725552028295,0.016501600017972743,0.07776128313720054,252.08452846588426,12.55357918917254,-0.05810484262880523,0.03175697142415336,1.7658427474842215,1.7156774853982777,benign
122,IMD279.jpg,0.9477884007291396,0.9469141772999516,0.3170554538665864,6,185.0025735010892,116.69862758649404,62.340772702530195,0.017105032160035467,0.09150108909792491,199.63171003473877,11.011623080116292,0.001905369225380607,-0.029119904048024742,1.7047474232872184,1.71342218169535,benign
123,IMD280.jpg,0.902147604594875,0.954742786891544,0.4351207399716431,3,182.04711508263884,154.92100125505507,62.66873449711939,0.015723903310334828,0.0903282165215413,218.01794859288978,11.412329902941062,-0.0004216215036874992,0.06914687519730181,1.7410235835648986,1.7016523153138505,benign
124,IMD284.jpg,0.9321103371199728,0.9450057671228624,0.2123274274750863,1,516.320094067858,154.62387735967556,36.346411990870116,0.01981270051981867,0.11416916393849692,155.90759648834398,9.235780124359772,-0.0355045770811726,-0.016962771792788007,1.7596926985224035,1.711370494228823,melanoma
125,IMD285.jpg,0.9320079899145918,0.9789031104561756,0.4181530145357222,3,434.0029975814838,131.3281305731121,40.6512565109956,0.02066548417140816,0.13446363771389386,98.07714644444846,7.458491489846501,0.04500530484297445,-0.03786544511597893,1.7114815039679485,1.7104989972359668,melanoma
126,IMD304.jpg,0.8940293248773613,0.904016586714367,0.3734759939717114,3,216.745748475243,138.25652943931541,49.1580081914948,0.015302269550918377,0.09048692627072247,216.93944235724473,11.316837241438789,0.10482565596073483,-0.024910461874160243,1.7273433638529012,1.726109799207751,benign
127,IMD305.jpg,0.9081467923868672,0.9005069252362395,0.2683213747042131,3,248.8235975989102,133.88672957191994,48.06214762400669,0.01565821082351554,0.09586523819935515,217.39905863310412,11.1006751432284,-0.1496165620642435,0.04719776030152823,1.765419196696168,1.6999939181508759,benign
128,IMD306.jpg,0.8740374265132069,0.9624906847727084,0.5817333527363993,4,175.36769361411217,109.22459305302515,45.9407536629063,0.014762743754801515,0.07582865604210341,302.5671657725407,13.35698080977902,-0.08176148623699538,0.026763622974642954,1.6844336253609649,1.7058355342373968,benign
129,IMD312.jpg,0.9616389795715358,0.9661515088487173,0.5604485098913177,3,265.3263105087385,128.00390523736652,50.065571946480766,0.014260195462441939,0.08809343437052863,236.04779497550135,11.848863135516172,0.12940971593734252,-0.07055020699427335,1.7203890364411587,1.7201407127263146,benign
130,IMD328.jpg,0.8032667245873154,0.8586967854039965,0.5488449917545493,5,135.34671754378513,91.78921825050857,37.26554732115623,0.019857557752845832,0.09249773721871245,274.54798482692985,12.216263632053122,0.12569006288253512,-0.0884845217572148,1.6866793840653602,1.6801895597673104,benign
131,IMD331.jpg,0.9635697418776972,0.9599544011074016,0.639718273795346,4,197.7160517566324,103.03368980955187,36.16902698070357,0.01876466097955367,0.09120779950126869,251.51532811400472,11.77166168191416,-0.11992663038328114,-0.10281417937051776,1.6730313829853416,1.6735564646144954,benign
132,IMD339.jpg,0.9486637905207024,0.8127509137755408,0.4667268200327279,5,206.1508901852482,109.43951414514144,44.702236194592714,0.017836784380165997,0.09254400201958438,194.8245872985069,10.845523402602383,-0.001781960195090074,0.04314808847867336,1.6697475677893854,1.7622293174312298,benign
133,IMD347.jpg,0.9038840386084386,0.9283715118958152,0.2616517269337504,2,453.7073580792856,116.23786754970166,31.466091832491067,0.018971671389591677,0.11666192623033361,130.2839812997732,8.728831538828775,-0.05162251345737934,-0.01975976978922274,1.7136830300397146,1.7110148109937513,benign
134,IMD348.jpg,0.9138428911287798,0.9446585644525136,0.3985311248690842,5,570.4378002629875,70.1008525779547,42.572152721672005,0.022902679440361493,0.12009368831786642,162.60192444542764,9.129978283274097,0.02467618843814917,-0.4132032624567877,1.6108219824133858,1.9274105109374189,melanoma
135,IMD349.jpg,0.8582208457507937,0.9114162722296888,0.1986811306270367,5,404.2488249431237,98.7690380580044,48.09701370376246,0.014009818647756677,0.09588019584308696,208.01647738969598,10.941029643862151,0.09984822279894227,-0.12864566004698144,1.6530881850269161,1.687217582746725,melanoma
136,IMD356.jpg,0.907407259065822,0.9746629605004926,0.506412760938769,3,281.91080597070373,147.45819577759542,45.596658370440174,0.01853258628579366,0.12263843340251168,108.86925881637937,8.023435202791179,0.00787158431252125,0.008046491514846514,1.7182366071106339,1.7075026355818166,benign
137,IMD360.jpg,0.9398634913369502,0.9708943067540824,0.5048593959331851,2,217.4597740071398,138.48356059640625,55.925996595443216,0.01391177672167677,0.08725364615745546,288.5980203919514,12.693293167372882,-0.043931929086482316,-0.03953054063643274,1.650029109954323,1.657098023536239,benign
138,IMD364.jpg,0.9142794182459232,0.9373071837814017,0.5205405644668502,5,169.9700128553294,118.79801917813613,55.027886553193305,0.015655581755853597,0.08027032636493879,240.9594100514343,12.249054966846472,-0.06591198487428954,-0.02602389782593648,1.696769025333652,1.695217665216771,benign
139,IMD365.jpg,0.8304369772137294,0.9084583213152582,0.4803189500820976,4,187.921717778373,133.09819694168874,66.12860995556747,0.01671067862217764,0.09424231254226277,172.97930773342776,10.296351568068355,0.02338932016745295,-0.019124267322037525,1.693662450686575,1.7059702420095226,benign
140,IMD367.jpg,0.89023063025527,0.899296364008606,0.2239113514814955,1,421.0011252296491,183.78539222626753,40.78427548966141,0.01951435936437074,0.12151552739590597,119.58805190572568,8.319646471577116,-0.02352719942878101,-0.03567311895618492,1.7206755879857605,1.7667355260875228,benign
141,IMD368.jpg,0.8465982298500173,0.8873403117552443,0.2321705719552922,1,274.94851901643915,186.18715876271827,53.317992185992956,0.02298105953229357,0.1384339865676198,119.77897113901707,7.937376074025123,0.03313146814790568,0.001746963373195406,1.74361566675734,1.7434885969260383,benign
142,IMD369.jpg,0.8148291733923549,0.9650945590650528,0.501441766125291,5,300.5272208736114,99.43510144547137,53.90829527257812,0.01303154977338092,0.08888116821660194,228.25123115793164,11.655479188078168,0.040665739605884973,0.10813935961109514,1.612283090079238,1.6348307031337286,benign
143,IMD370.jpg,0.9104409662993868,0.9608362915494906,0.4819826745159904,3,332.3723151217647,139.59675300568296,52.107784864783696,0.01553641011708521,0.09825451895019197,185.95946005364218,10.431546703014861,-0.05559836799416388,0.07811433007183143,1.7013255910880265,1.7101279143525547,benign
144,IMD371.jpg,0.8944149582313256,0.946284737147022,0.3385496871273274,6,369.1335118875929,94.13303317760271,46.531969271426405,0.020140072507496335,0.1218354547106001,114.97706496694093,8.201932228010445,0.08935329452233881,-0.0030562532891943483,1.7289663635848982,1.6533383627816582,benign
145,IMD372.jpg,0.9381316796411135,0.8990763953028104,0.4309558298510881,4,219.65748916833903,132.01577573262327,56.759102591946416,0.015355051025215845,0.09731341625552214,272.9785968355197,11.702103520176665,-0.0165876293635347,0.07760653233435319,1.7413380456013434,1.6753193141245473,benign
146,IMD374.jpg,0.8837538538979425,0.9192726357515888,0.4594909635196183,6,142.25187550424755,109.37816091954024,57.44370949334026,0.01647677408134892,0.07894229191633549,231.24257268020588,12.050059737156529,-0.02871871957716981,-0.015043410901143318,1.6722931863157238,1.7165948886643885,benign
147,IMD375.jpg,0.9577573074020816,0.9682218773580876,0.5524797700007952,3,211.4574731518889,151.29885034582554,57.35334863485717,0.015434187919176966,0.08430213659942573,226.8342479421284,11.820404090795666,-0.0012051571548500467,-0.039158362678699994,1.7373651485454067,1.6920423109801972,benign
148,IMD376.jpg,0.9558321548739456,0.9231725752182182,0.5105857523515425,4,228.5183727575705,104.88366486816129,49.01133521183597,0.015176997601111453,0.09344662791485109,233.46405982240063,11.449135379342499,0.033279835604086684,-0.08755202987133942,1.6135212865321427,1.601942742301496,benign
149,IMD378.jpg,0.927488691263809,0.9238822045111856,0.2223115026058083,1,321.6227039764861,165.44826661067563,49.88449987483525,0.014170552414921996,0.08323015190194705,245.84068162208837,12.208297382801188,-0.0308801196290968,0.03619928447612066,1.6778331016075716,1.6998090223873938,benign
150,IMD379.jpg,0.8970946246112839,0.8821146157263439,0.4960281521257429,5,267.67808162038835,107.12272651553012,53.447626589920915,0.017751934789112418,0.10972558171404043,141.89872015461802,9.20824003582592,-0.07853022846594011,0.015492066756512789,1.6736263668977358,1.6883523204552768,benign
151,IMD380.jpg,0.9516659681475272,0.9634534786253144,0.6599354747028647,3,246.4933895153417,131.88352,50.81868898333917,0.014321219815589968,0.08721324595368697,204.2988030303018,11.243621212121202,0.011273752244249024,-0.09125732940573239,1.6629142487241777,1.672439698126509,benign
152,IMD381.jpg,0.8750999048040847,0.8674282339885052,0.4974123916109201,3,353.6321227272355,162.33464704851988,65.05992739132704,0.016799045160049292,0.10009301555713317,169.8549142743223,10.035579004328957,-0.0025663429946821592,-0.057700498147668186,1.7172790678553516,1.7526954871668934,benign
153,IMD382.jpg,0.8650731571256193,0.975102929316816,0.5429269405746935,3,324.0226785876093,140.4478748062068,60.779902508410586,0.012793110787035428,0.09426753839764154,216.6712612459717,11.131845187574175,-0.08254955688291835,-0.043801300962883136,1.6587543165192735,1.6428653367830721,benign
154,IMD383.jpg,0.6613807590858117,0.9245178715271744,0.2273608611270643,2,200.7643087002984,164.02416271097047,39.27363454712379,0.04760506969373779,0.17446735727333254,47.61249999999992,5.347362012987013,0.019315076779317347,-0.029064142530709963,1.8094270319495651,1.801612270016231,benign
155,IMD384.jpg,0.899687880526824,0.8150797094349658,0.506295130220449,5,213.2711252756608,124.43183120527225,63.237893755863176,0.01617291572125131,0.08747062389125201,245.17100428658787,12.018796352997219,-0.04444380067809727,0.08641877972251434,1.6755899602130426,1.6906728536927302,benign
156,IMD385.jpg,0.9655565375133728,0.9829837046684342,0.5875484167079623,2,286.56610217676445,165.26852038688673,53.03713970204295,0.013523803076682562,0.0926474492131557,229.78081764925784,11.64298475217088,0.011435054595447603,-0.06055808111921541,1.6833875430792038,1.6976519479006515,benign
157,IMD386.jpg,0.9011554049966728,0.9284374810961225,0.5105702051016122,6,205.17272193942827,63.87527771516536,44.978115472351995,0.022673612111994416,0.10664607511657694,268.1684217454258,11.598284410512882,-0.13610731158257655,-0.07807880678756073,1.6618628177075376,1.5619910316225067,benign
158,IMD388.jpg,0.9266356278938526,0.8925506945246066,0.1759878743344203,5,315.07247989052684,121.54060194861331,62.9086717529565,0.014591850716846594,0.08457231652659274,240.34175582606926,12.040909552974664,0.028555903218006305,0.03533312837991315,1.7118736278995248,1.6896195214808962,benign
159,IMD389.jpg,0.9450291226489094,0.9443882574809326,0.2916005539268029,4,436.7242845348373,134.86753569500527,59.22243612606296,0.013482352627162481,0.08254917743453462,275.99869319006524,12.755049886950657,-0.030314853137458426,-0.07157810959262481,1.682307077576732,1.7110691045508026,benign
160,IMD390.jpg,0.9459393805554022,0.9689725611439298,0.4418953644316262,3,240.11553403407703,154.0005291005291,59.93573939531329,0.019605467978587712,0.09541613828517008,177.26385259139678,10.404918514168235,0.047064785722109814,-0.01210519611769376,1.7577871817683446,1.7408064810589228,benign
161,IMD392.jpg,0.9675843637712108,0.970653299745534,0.5548400026346048,3,223.12681609000288,165.81237452967412,58.369197029015666,0.01449355811579269,0.07623288291284437,325.6205805941528,13.871870175834808,0.0005335825073731831,-0.027676269672658935,1.7353496871247165,1.7342262416023941,benign
162,IMD393.jpg,0.8526702128609572,0.8556796161299253,0.3519458986708213,3,462.4613526204885,165.97531273146163,70.04756178052237,0.012700994598692209,0.0903632992083154,291.9655438954566,12.864243176556684,0.06691681266079723,0.0037868022371162565,1.7156793975242264,1.7275575757225596,benign
163,IMD394.jpg,0.939902388040202,0.9310183932287536,0.5320994139331657,3,261.1887022578458,127.17868953676216,53.04204416513388,0.015339257595767519,0.08483058235781324,334.64432110428487,13.472195979635837,0.06654338354745638,-0.17608972995518865,1.6088968824103138,1.708150815406688,benign
164,IMD395.jpg,0.9647467504472316,0.9409406482752468,0.5853942609782501,4,358.424274016787,112.34354284642352,48.454813126324375,0.01822680240146614,0.11495508610660654,120.64449513051554,8.528800550305933,-0.032293771860855566,0.020967472216124716,1.630961149131798,1.656099089803686,benign
165,IMD396.jpg,0.7744773710117778,0.8147930409135296,0.40803825622225,5,252.76448942694805,95.42945693700995,46.43368122312715,0.019752400009394253,0.10500443130766958,195.70493077483206,10.379135292688709,0.11795470720780561,0.04948629029350147,1.6850472535687424,1.6946019830713037,benign
166,IMD397.jpg,0.9345153259981376,0.9411854132223552,0.3965809768164729,3,317.02133499797407,130.45983619379638,37.96900194250386,0.01745995930641113,0.09764142444253725,174.85999240121652,10.268806990881492,-0.024242449353022798,0.05420070198890206,1.7381800482638663,1.7517529731476444,benign
167,IMD398.jpg,0.8926425249516643,0.9348295622790056,0.1824118991772779,2,382.3557388160675,148.68429991861575,45.7950943746737,0.014862591945375756,0.10015562142321627,173.95269274914358,10.182988549376907,0.1356955552490039,-0.04369459145314945,1.7603132058785325,1.6944021823042812,benign
168,IMD399.jpg,0.9468565055313848,0.9331209871085075,0.4815478176141253,6,251.71076577162685,87.57515246169865,38.70271683844162,0.023858878149171064,0.14708117701281365,84.30045361301336,6.892461934067145,-0.05409084545024608,0.09797632894053164,1.7083867461831703,1.6876533962830231,benign
169,IMD400.jpg,0.9311765192012422,0.95527321917123,0.2881038153402426,2,382.57462279366297,139.5486097650277,42.02906608076515,0.014254543008654466,0.0852929029732684,250.5541251292864,12.275070971149326,0.01279138059773504,0.01645327150635344,1.6989864776234112,1.6867359540484708,benign
170,IMD402.jpg,0.9503565468062508,0.9615763920497647,0.4795436491532819,4,289.68813989097754,112.87027945371136,42.40434741584148,0.017571741059353607,0.10400146326900919,189.12287842402893,10.309902722943537,0.023101350292123714,-0.05643061343490098,1.6504339161335504,1.6610043216074197,benign
171,IMD403.jpg,0.7536799420709631,0.8429833454018827,0.2273829636180739,4,468.8208361516236,116.84905211956892,49.33838853872974,0.01895942834809953,0.11689532795266379,139.46974345945523,8.939346857410804,0.038840708343498835,-0.05038406553075936,1.776846536953627,1.6897921689444015,melanoma
172,IMD404.jpg,0.705242667768631,0.8473525669606446,0.1097265407904758,5,342.17435440899334,106.33714421243911,44.62178084331266,0.01729046359023851,0.09994678541375969,177.27481412283873,10.234415545394578,-0.051568528725705345,-0.014042022098393237,1.7110983425020792,1.7860492838712134,melanoma
173,IMD405.jpg,0.8785738094470071,0.8888530477511478,0.5063612990401455,3,243.32601317882592,119.36511416414955,39.53176613311984,0.018080513438882968,0.10648126357245576,205.76857736030544,10.578411018558278,-0.1284104207539383,0.08534481510314451,1.6861631289603642,1.6603799922512543,melanoma
174,IMD406.jpg,0.836206708778044,0.9089849705946416,0.4130580659876846,4,341.9193691465616,104.08742036191484,40.69355173158242,0.016464523508904816,0.11013971164924356,164.2525964016772,9.648576085308468,0.061691738073683895,-0.15772284303887127,1.637983868303439,1.6825899175776067,melanoma
175,IMD407.jpg,0.9569030770619648,0.8985770932146304,0.4854642736845808,5,302.7769539458116,80.82961411847954,52.24992640517418,0.01565831179597435,0.0874083367762152,384.9206544502594,13.536919720768008,-0.1920646802157704,0.24320275173805347,1.6216760552606055,1.6322692472613514,melanoma
176,IMD408.jpg,0.8405064500236283,0.7230310586484612,0.0922520308744007,2,503.2545785201066,151.07421272183643,44.8606033786364,0.012770027725084242,0.07523712665017042,426.2810567579492,15.238506699057305,0.09070944664066345,0.03516477166584077,1.8270780042799342,1.7379336639795342,melanoma
177,IMD409.jpg,0.8477682768212432,0.7958964882232495,0.1372767596516894,4,444.6816172663754,121.14608634147433,47.00237491618293,0.015562176309518198,0.1003877528026882,203.5142670517045,10.59537438118829,0.1171426019387262,0.2915541878299013,1.789357845685472,1.9893809476331337,melanoma
178,IMD410.jpg,0.9056836919994156,0.9241144670103738,0.218995793858531,2,390.5113101714114,145.8101806153523,37.65349105557037,0.017959463254220577,0.0927898160566401,216.28616392738203,11.178021269738888,-0.06176331035893599,-0.018219925708191573,1.7721987745024788,1.7606734508904442,melanoma
179,IMD411.jpg,0.9126595865587392,0.9203424718079533,0.2557230165594008,6,502.0621632528008,56.626478977004865,38.099360834829994,0.026023343579213067,0.14581790292626826,103.07406018253316,7.353995170131209,0.17348197089229797,-0.3376956918793695,1.7179549060989256,1.7802826119021902,melanoma
180,IMD413.jpg,0.9649063841189108,0.9414894867226684,0.2937393923254508,5,520.4397386739947,100.02120118261827,50.54786111442925,0.020018062014040067,0.10793643591148416,150.9390476856889,9.411237448833177,-0.042625792702958264,-0.09041477097377235,1.7007308488016653,1.732106796971886,melanoma
181,IMD417.jpg,0.901538702478368,0.9444500998394738,0.3406197130462369,3,285.1307209512893,95.8264897190137,18.11376113935535,0.031248910878158797,0.14697401887988779,83.52020893554425,6.857639839748462,0.03671277935408172,-0.039763973571274785,1.7600004432117504,1.7575956792401968,melanoma
182,IMD418.jpg,0.7151884444171895,0.85025351704376,0.3466086044248767,3,477.9008821881237,104.01787198136599,39.879247532490076,0.017604924857589105,0.1222173888406024,152.8754109138709,8.970585415296862,0.0732366088941292,0.08286798556783115,1.673034454048798,1.7620572655457343,melanoma
183,IMD419.jpg,0.9503067527751732,0.93598050267421,0.4831446009314913,4,602.1327702759174,90.9084442515432,41.62777436781156,0.025817966101477536,0.12658874077363477,132.81695990380877,8.47663304868451,0.13250327321587804,0.12525072476932544,1.7682563063696293,1.7391322779103784,melanoma
184,IMD420.jpg,0.8823036511880388,0.8988764454289108,0.2206150570381558,0,418.0229836242117,132.5822492090965,39.01481669644414,0.01980686343949445,0.11829545805070799,151.6721022971029,9.070370695371052,-0.030137720787250216,0.11514567639238826,1.7195258245778635,1.7044855314513079,melanoma
185,IMD421.jpg,0.9220540839190888,0.8029620307560085,0.1241112059314357,0,455.4166835323826,159.69856185045685,44.80630553719251,0.0163907372608522,0.11270577915991709,149.95269276583335,9.310341844509605,0.08969881469878434,-0.030303366929396856,1.834575295699089,1.760749112383078,melanoma
186,IMD423.jpg,0.871679925871429,0.9456454826829568,0.4982279598186594,2,544.7962558736034,144.61722737131817,47.08370432224691,0.015382427800336461,0.09860379764767978,256.5686959183148,11.948269385938088,-0.03556440691068742,0.19212087970568695,1.7695791448611637,1.7377475497881163,melanoma
187,IMD424.jpg,0.8060193094165761,0.9367137754309676,0.2639269728467362,2,313.6569354288161,127.89767014131532,36.44442804748749,0.0145309539586249,0.08638093253582128,293.4725476169207,12.748979105189374,-0.05026323146795246,0.07368724000281754,1.7325023288431414,1.646747380322049,melanoma
188,IMD425.jpg,0.8362253771791449,0.8668388602862575,0.4267684034094758,2,331.9247722386896,131.14629856775088,41.2396540526952,0.015372852553815944,0.08873788305874335,228.48650553301644,11.614009358195315,0.026970866478248104,-0.04244849601487473,1.6839034330368636,1.6905526672294302,melanoma
189,IMD426.jpg,0.9007810628204512,0.8853466864727586,0.1561162828834734,3,364.49441737205046,143.28361977313025,35.995391334949296,0.018850825979412605,0.09644367220653728,205.78920607249333,10.858574852909111,-0.0020249410896749304,0.06607924841417848,1.7399915122165557,1.752868233587157,melanoma
190,IMD427.jpg,0.9323845216239044,0.9576827954542008,0.3752519308219528,3,354.78598903041615,121.26886958279502,46.44808154609769,0.014702900685773292,0.10346444141008435,158.6631017128017,9.730774954677056,0.05909182016534162,0.05749637410752379,1.6340669786572894,1.6725041138004701,benign
191,IMD429.jpg,0.9235297639240884,0.9562770649158868,0.3939156232697817,4,252.593164646678,103.5687322907526,40.04786328002493,0.01579486298124529,0.09694596185410165,214.87694779116129,11.043855421686683,0.02364180727103708,0.029726425697761204,1.6284521326557324,1.6705852551113183,melanoma
192,IMD430.jpg,0.8840646567709606,0.9042902499253752,0.6251361163339112,5,265.29271700247114,92.04283852175786,57.4198725050654,0.0126672135976067,0.08583489481974384,347.5239423153466,13.534964013491559,-0.06651827377700914,-0.1864258226724366,1.6940272643721292,1.8510814288636097,benign
193,IMD431.jpg,0.9059274294706592,0.9681848245033868,0.4433443352891801,4,373.5897961601825,120.98796680026487,59.71921420583027,0.012855832274860002,0.08899791237665532,218.56234793746782,11.503263407549444,0.14509803713782177,-0.0889850515416538,1.677518831681244,1.6576729714061136,benign
194,IMD432.jpg,0.8734633960488127,0.9282376539405416,0.2796235603417442,5,238.3512363431552,121.4124758080224,53.31475152324855,0.012957324030899242,0.08959423997174773,237.2740535620436,11.782444264964205,0.16650759055420336,-0.0623556356154875,1.7509281872719928,1.6338381461045766,benign
195,IMD433.jpg,0.8638968481375359,0.9079788406435972,0.3848343819576607,4,186.1723042957265,143.51443794671866,61.17468999536594,0.012979159979836263,0.08744661709677694,237.2220608993739,11.88505747126415,0.16082158317764736,0.024896615822995374,1.701815318801943,1.682035206478846,benign
196,IMD434.jpg,0.9173428635595786,0.955873880735468,0.4682533187340408,3,255.33677272953923,122.50260279441116,38.28710728226702,0.017402266993402617,0.0968063818322064,198.33311111110976,10.688938271604938,-0.09356915184656296,-0.018090275664965978,1.698145789054569,1.67937025993212,benign
197,IMD435.jpg,0.8445809009546261,0.7610918798540806,0.0823712133027812,1,369.6531229696366,161.9868133008248,45.42457863911457,0.013192708460590443,0.08609382566758877,290.33782598742135,12.78510979238934,0.017186952361092335,0.008734556950124372,1.7630723486954574,1.6702005194669503,melanoma
198,IMD436.jpg,0.9419567259297664,0.979117079690409,0.350651806977282,4,434.8558695990538,148.81628098615332,60.80877077041871,0.01889639553261818,0.11847876732720854,187.55975211733357,10.343681057632711,-0.2045536848870724,-0.05836069364074436,1.757383535765184,1.7010413310508066,benign
199,IMD437.jpg,0.9620037583371028,0.9680875285745943,0.4870209939985634,2,457.9336083294757,131.37627879244337,47.856478929214326,0.015851822556303657,0.09944057550644524,201.11499188353758,10.835584995898051,-0.03062793174539109,-0.044138589259926406,1.6441666407497812,1.6727753145440134,benign
